{"cameraMode":{"drawMode":0,"name":"Shaded","section":"Shading Mode"},"sceneLighting":true,"audioPlay":false,"sceneViewState":{"showFog":true,"showMaterialUpdate":false,"showSkybox":true,"showFlares":true,"showImageEffects":true,"showParticleSystems":true},"in2DMode":false,"pivot":{"x":17.242494583129884,"y":11.175938606262207,"z":-29.87521743774414},"rotation":{"x":-0.04046492651104927,"y":0.034464918076992038,"z":-0.0013965965481474996,"w":-0.9985854625701904},"size":9.180083274841309,"orthographic":false}